{"lr": 0.001, "n_iters": 5000, "n_hidden": 128, "train_losses": [3.606885991761287, 3.594056446745589, 3.5795553612709043, 3.5673600718781753, 3.5549134187440616, 3.5399135718474515, 3.527223474270589, 3.5129659496771324, 3.49119906857207, 3.464357931485047, 3.4240747457581597, 3.3747801428549997, 3.3197514399483397, 3.280217585982503, 3.2485055216421954, 3.1926447532628033, 3.177581790653435, 3.148902978655454, 3.1046076863400036, 3.075952130052689, 3.050330738199724, 3.0273485074574884, 2.997090937022019, 2.949061415966701, 2.944707541453677, 2.9072536547230303, 2.89914068956507, 2.8751741251842797, 2.8436663572067347, 2.809174174171073, 2.782723243888971, 2.778322864943247, 2.742185720066112, 2.7212598543342303, 2.69321552311569, 2.664821693483564, 2.657996643774897, 2.6919057118435425, 2.651000014959545, 2.6309023413649837, 2.6468270801797797, 2.6319172407732547, 2.653442684406465, 2.61043279569198, 2.594041715198373, 2.561741416321161, 2.575904045317171, 2.560470972041461, 2.500287889511831], "train_accuracies": [0.03023815895103024, 0.04837837837837838, 0.08756756756756756, 0.13648648648648648, 0.14864864864864866, 0.15054054054054053, 0.15972972972972974, 0.1608108108108108, 0.1662162162162162, 0.1589189189189189, 0.14432432432432432, 0.17891891891891892, 0.19972972972972974, 0.1972972972972973, 0.1972972972972973, 0.2127027027027027, 0.2235135135135135, 0.21243243243243243, 0.21945945945945947, 0.2262162162162162, 0.23810810810810812, 0.22918918918918918, 0.24297297297297296, 0.24783783783783783, 0.2632432432432432, 0.2708108108108108, 0.2637837837837838, 0.267027027027027, 0.2662162162162162, 0.28594594594594597, 0.2872972972972973, 0.29081081081081084, 0.29945945945945945, 0.3018918918918919, 0.31189189189189187, 0.3210810810810811, 0.3108108108108108, 0.3051351351351351, 0.3216216216216216, 0.3218918918918919, 0.3183783783783784, 0.32756756756756755, 0.3210810810810811, 0.32675675675675675, 0.31594594594594594, 0.34, 0.34243243243243243, 0.34, 0.3605405405405405], "validation_accuracies": [0.043132803632236094, 0.1503972758229285, 0.22077185017026107, 0.23212258796821794, 0.22985244040862657, 0.21679909194097616, 0.21509648127128264, 0.23325766174801363, 0.2576617480136209, 0.22587968217934165, 0.26106696935300794, 0.1611804767309875, 0.19069239500567536, 0.22871736662883088, 0.25312145289443816, 0.21906923950056753, 0.22304199772985245, 0.22360953461975028, 0.2133938706015891, 0.22474460839954596, 0.23098751418842225, 0.25198637911464244, 0.24687854710556187, 0.2525539160045403, 0.2576617480136209, 0.24120317820658344, 0.2525539160045403, 0.28036322360953464, 0.2576617480136209, 0.2599318955732123, 0.25595913734392733, 0.26220204313280365, 0.27525539160045404, 0.28433598183881953, 0.2917139614074915, 0.27695800227014755, 0.2832009080590238, 0.2814982973893303, 0.2746878547105562, 0.2792281498297389, 0.28093076049943244, 0.2763904653802497, 0.27185017026106695, 0.25879682179341656, 0.2973893303064699, 0.2917139614074915, 0.2888762769580023, 0.3166855845629966, 0.2922814982973893], "losses": [0.956867196367764, 0.8496027241770715, 0.7792281498297389, 0.7678774120317821, 0.7701475595913734, 0.7832009080590239, 0.7849035187287173, 0.7667423382519863, 0.742338251986379, 0.7741203178206584, 0.7389330306469921, 0.8388195232690125, 0.8093076049943246, 0.7712826333711691, 0.7468785471055619, 0.7809307604994324, 0.7769580022701476, 0.7763904653802497, 0.7866061293984109, 0.7752553916004541, 0.7690124858115778, 0.7480136208853576, 0.7531214528944381, 0.7474460839954598, 0.742338251986379, 0.7587968217934166, 0.7474460839954598, 0.7196367763904654, 0.742338251986379, 0.7400681044267877, 0.7440408626560726, 0.7377979568671964, 0.7247446083995459, 0.7156640181611804, 0.7082860385925085, 0.7230419977298524, 0.7167990919409761, 0.7185017026106697, 0.7253121452894438, 0.7207718501702611, 0.7190692395005676, 0.7236095346197503, 0.728149829738933, 0.7412031782065834, 0.7026106696935301, 0.7082860385925085, 0.7111237230419978, 0.6833144154370034, 0.7077185017026106], "train_time": "07:23", "categories": ["Algerian", "Arabic", "Brazilian", "Chilean", "Chinese", "Czech", "Dutch", "English", "Ethiopian", "Finnish", "French", "German", "Greek", "Honduran", "Indian", "Irish", "Italian", "Japanese", "Korean", "Malaysian", "Mexican", "Moroccan", "Nepalese", "Nicaraguan", "Nigerian", "Palestinian", "Papua New Guinean", "Peruvian", "Polish", "Portuguese", "Russian", "Scottish", "South African", "Spanish", "Ukrainian", "Venezuelan", "Vietnamese"], "char2i": {" ": 0, "'": 1, ",": 2, "-": 3, ".": 4, ";": 5, "A": 6, "B": 7, "C": 8, "D": 9, "E": 10, "F": 11, "G": 12, "H": 13, "I": 14, "J": 15, "K": 16, "L": 17, "M": 18, "N": 19, "O": 20, "P": 21, "Q": 22, "R": 23, "S": 24, "T": 25, "U": 26, "V": 27, "W": 28, "X": 29, "Y": 30, "Z": 31, "a": 32, "b": 33, "c": 34, "d": 35, "e": 36, "f": 37, "g": 38, "h": 39, "i": 40, "j": 41, "k": 42, "l": 43, "m": 44, "n": 45, "o": 46, "p": 47, "q": 48, "r": 49, "s": 50, "t": 51, "u": 52, "v": 53, "w": 54, "x": 55, "y": 56, "z": 57}, "df_len": 36241, "min_loss": 0.6833144154370034}