{"lr": 0.01, "n_iters": 600, "n_hidden": 128, "train_losses": [2.300389790534973, 2.288885462284088, 2.2763121803601583, 2.2814306994279225, 2.2537710150082906, 2.2389004468917846, 2.225710320472717, 2.2107422838608426, 2.187207692861557, 2.172955092787743, 2.1897857348124186, 2.1455236981312433, 2.156209107240041, 2.1492836783329645, 2.1029162367184955, 2.110570628444354, 2.0315992047389346, 2.0220866918563845, 1.9441096802552542, 1.941769681374232, 1.9671414787570636, 1.901571870346864, 1.8404107819000879, 1.8442444615066051, 1.8578810984889667, 1.9326047907272974, 1.789201839764913, 1.8521197070678075, 1.7905782736837863, 1.756204639126857, 1.8559641199807326, 1.734788029640913, 1.6882617728163798, 1.75048656227688, 1.6942885670810939, 1.6126486859594782, 1.585640041468044, 1.706493205204606, 1.6205066004768014, 1.6378216634814937, 1.7045707315206529, 1.725944346872469, 1.5875336506714424, 1.7078485396380225, 1.704828762387236, 1.7375663590307038, 1.6344048088416456, 1.5811817853401104, 1.6136742867529392], "train_accuracies": [0.2846153846153846, 0.25, 0.325, 0.26666666666666666, 0.375, 0.39166666666666666, 0.425, 0.36666666666666664, 0.44166666666666665, 0.4166666666666667, 0.3333333333333333, 0.4083333333333333, 0.375, 0.2916666666666667, 0.425, 0.39166666666666666, 0.48333333333333334, 0.4166666666666667, 0.5083333333333333, 0.45, 0.425, 0.5083333333333333, 0.525, 0.525, 0.5583333333333333, 0.4166666666666667, 0.4583333333333333, 0.49166666666666664, 0.475, 0.5333333333333333, 0.4666666666666667, 0.5166666666666667, 0.5416666666666666, 0.5416666666666666, 0.5166666666666667, 0.575, 0.6583333333333333, 0.5833333333333334, 0.5833333333333334, 0.575, 0.6166666666666667, 0.5083333333333333, 0.6166666666666667, 0.5666666666666667, 0.6166666666666667, 0.5083333333333333, 0.55, 0.5916666666666667, 0.6416666666666667], "validation_accuracies": [0.15051546391752577, 0.19175257731958764, 0.24329896907216494, 0.24329896907216494, 0.2618556701030928, 0.2536082474226804, 0.25773195876288657, 0.24742268041237114, 0.2597938144329897, 0.2618556701030928, 0.25773195876288657, 0.2556701030927835, 0.2597938144329897, 0.2845360824742268, 0.3030927835051546, 0.32783505154639175, 0.33814432989690724, 0.2907216494845361, 0.27628865979381445, 0.2804123711340206, 0.31752577319587627, 0.2618556701030928, 0.2721649484536082, 0.30103092783505153, 0.1958762886597938, 0.2948453608247423, 0.27835051546391754, 0.3216494845360825, 0.30515463917525776, 0.3237113402061856, 0.311340206185567, 0.30515463917525776, 0.3154639175257732, 0.34845360824742266, 0.35051546391752575, 0.3525773195876289, 0.31958762886597936, 0.29896907216494845, 0.33608247422680415, 0.30103092783505153, 0.3402061855670103, 0.3835051546391753, 0.29690721649484536, 0.33608247422680415, 0.3752577319587629, 0.34845360824742266, 0.3917525773195876, 0.334020618556701, 0.36907216494845363], "losses": [0.8494845360824742, 0.8082474226804124, 0.756701030927835, 0.756701030927835, 0.7381443298969073, 0.7463917525773196, 0.7422680412371134, 0.7525773195876289, 0.7402061855670103, 0.7381443298969073, 0.7422680412371134, 0.7443298969072165, 0.7402061855670103, 0.7154639175257732, 0.6969072164948453, 0.6721649484536083, 0.6618556701030928, 0.7092783505154638, 0.7237113402061855, 0.7195876288659794, 0.6824742268041237, 0.7381443298969073, 0.7278350515463918, 0.6989690721649484, 0.8041237113402062, 0.7051546391752577, 0.7216494845360825, 0.6783505154639176, 0.6948453608247422, 0.6762886597938145, 0.688659793814433, 0.6948453608247422, 0.6845360824742268, 0.6515463917525773, 0.6494845360824743, 0.647422680412371, 0.6804123711340206, 0.7010309278350515, 0.6639175257731958, 0.6989690721649484, 0.6597938144329897, 0.6164948453608248, 0.7030927835051546, 0.6639175257731958, 0.6247422680412371, 0.6515463917525773, 0.6082474226804124, 0.665979381443299, 0.6309278350515464], "train_time": "01:29", "categories": ["Algerian", "Arabic", "Brazilian", "Chilean", "Chinese", "Czech", "Dutch", "English", "Ethiopian", "Finnish"], "char2i": {" ": 0, "'": 1, ",": 2, "-": 3, ".": 4, ";": 5, "A": 6, "B": 7, "C": 8, "D": 9, "E": 10, "F": 11, "G": 12, "H": 13, "I": 14, "J": 15, "K": 16, "L": 17, "M": 18, "N": 19, "O": 20, "P": 21, "Q": 22, "R": 23, "S": 24, "T": 25, "U": 26, "V": 27, "W": 28, "X": 29, "Y": 30, "Z": 31, "a": 32, "b": 33, "c": 34, "d": 35, "e": 36, "f": 37, "g": 38, "h": 39, "i": 40, "j": 41, "k": 42, "l": 43, "m": 44, "n": 45, "o": 46, "p": 47, "q": 48, "r": 49, "s": 50, "t": 51, "u": 52, "v": 53, "w": 54, "x": 55, "y": 56, "z": 57}, "df_len": 36241, "min_loss": 0.6082474226804124}