{"lr": 0.015, "n_iters": 500, "n_hidden": 128, "train_losses": [2.31317786953666, 2.2904508018493654, 2.275521447658539, 2.2580736756324766, 2.2489757180213927, 2.251400948762894, 2.2343283116817476, 2.200543910264969, 2.1846521031856536, 2.1752751541137694, 2.155946478843689, 2.1427489459514617, 2.085352034568787, 2.1425752794742583, 2.0558524084091188, 2.0550643754005433, 2.024413106441498, 1.9655268520116806, 1.966937965154648, 1.9397188264131546, 1.8902273482084275, 1.922560739517212, 1.8819344586133957, 1.8334759894013404, 1.836246857047081, 1.7522811427712441, 1.8474573822319507, 1.8560424698889255, 1.760884353518486, 1.8649506881833076, 1.8180702294409274, 1.836564957499504, 1.766160954385996, 1.7264601676166058, 1.7849699160456658, 1.670202078036964, 1.6488768307864665, 1.709284727051854, 1.7245130087435245, 1.8594061236828565, 1.5896594539284705, 1.579967639222741, 1.557444453537464, 1.6179144562035799, 1.636790849789977, 1.7091001753509045, 1.5327474295720458, 1.5983189234137536, 1.6103937815874816], "train_accuracies": [0.2, 0.29, 0.36, 0.43, 0.37, 0.34, 0.39, 0.45, 0.5, 0.42, 0.37, 0.45, 0.47, 0.39, 0.52, 0.49, 0.49, 0.5, 0.5, 0.56, 0.63, 0.56, 0.53, 0.51, 0.56, 0.59, 0.55, 0.5, 0.63, 0.55, 0.51, 0.53, 0.58, 0.59, 0.53, 0.64, 0.67, 0.54, 0.61, 0.58, 0.75, 0.7, 0.63, 0.7, 0.65, 0.61, 0.67, 0.67, 0.62], "validation_accuracies": [0.1991701244813278, 0.22406639004149378, 0.25933609958506226, 0.2821576763485477, 0.2697095435684647, 0.2800829875518672, 0.25933609958506226, 0.27593360995850624, 0.2946058091286307, 0.3132780082987552, 0.3132780082987552, 0.3049792531120332, 0.3236514522821577, 0.2966804979253112, 0.2842323651452282, 0.26348547717842324, 0.21161825726141079, 0.2157676348547718, 0.24066390041493776, 0.2946058091286307, 0.2572614107883817, 0.2074688796680498, 0.27385892116182575, 0.22199170124481327, 0.3029045643153527, 0.18049792531120332, 0.3153526970954357, 0.33402489626556015, 0.34647302904564314, 0.34024896265560167, 0.2987551867219917, 0.35269709543568467, 0.2925311203319502, 0.3630705394190871, 0.3215767634854772, 0.33195020746887965, 0.35477178423236516, 0.4004149377593361, 0.3506224066390041, 0.37136929460580914, 0.3651452282157676, 0.3630705394190871, 0.35684647302904565, 0.3900414937759336, 0.4149377593360996, 0.3755186721991701, 0.3381742738589212, 0.38381742738589214, 0.42738589211618255], "losses": [0.8008298755186722, 0.7759336099585062, 0.7406639004149378, 0.7178423236514523, 0.7302904564315353, 0.7199170124481328, 0.7406639004149378, 0.7240663900414938, 0.7053941908713692, 0.6867219917012448, 0.6867219917012448, 0.6950207468879668, 0.6763485477178424, 0.7033195020746887, 0.7157676348547718, 0.7365145228215768, 0.7883817427385892, 0.7842323651452282, 0.7593360995850622, 0.7053941908713692, 0.7427385892116183, 0.7925311203319502, 0.7261410788381742, 0.7780082987551867, 0.6970954356846473, 0.8195020746887967, 0.6846473029045643, 0.6659751037344399, 0.6535269709543569, 0.6597510373443983, 0.7012448132780082, 0.6473029045643153, 0.7074688796680497, 0.6369294605809128, 0.6784232365145229, 0.6680497925311204, 0.6452282157676348, 0.5995850622406639, 0.6493775933609959, 0.6286307053941909, 0.6348547717842323, 0.6369294605809128, 0.6431535269709543, 0.6099585062240664, 0.5850622406639003, 0.6244813278008299, 0.6618257261410788, 0.6161825726141079, 0.5726141078838174], "train_time": "00:51", "categories": ["Algerian", "Arabic", "Brazilian", "Chilean", "Chinese", "Czech", "Dutch", "English", "Ethiopian", "Finnish"], "char2i": {" ": 0, "'": 1, ",": 2, "-": 3, ".": 4, ";": 5, "A": 6, "B": 7, "C": 8, "D": 9, "E": 10, "F": 11, "G": 12, "H": 13, "I": 14, "J": 15, "K": 16, "L": 17, "M": 18, "N": 19, "O": 20, "P": 21, "Q": 22, "R": 23, "S": 24, "T": 25, "U": 26, "V": 27, "W": 28, "X": 29, "Y": 30, "Z": 31, "a": 32, "b": 33, "c": 34, "d": 35, "e": 36, "f": 37, "g": 38, "h": 39, "i": 40, "j": 41, "k": 42, "l": 43, "m": 44, "n": 45, "o": 46, "p": 47, "q": 48, "r": 49, "s": 50, "t": 51, "u": 52, "v": 53, "w": 54, "x": 55, "y": 56, "z": 57}, "df_len": 36241, "min_loss": 0.5726141078838174}