{"lr": 0.009, "n_iters": 1000, "n_hidden": 128, "train_losses": [2.306006048974537, 2.2805471694469452, 2.263455580472946, 2.245698314905167, 2.2323879259824753, 2.2042804527282716, 2.1749158978462217, 2.1853367644548416, 2.1472890365123747, 2.131984274983406, 2.105029441714287, 2.0625064849853514, 2.010165977478027, 1.97176269993186, 1.9034293121099473, 1.8957988822460174, 1.9095020578801631, 1.8846955129504204, 1.8126013569533825, 1.7701420161128043, 1.7528773540258407, 1.7041884219646455, 1.6897608121484518, 1.7923192440718412, 1.750587447732687, 1.6987626948952674, 1.6380451905354858, 1.59341039378196, 1.6124087795242668, 1.733107858635485, 1.5637296682968735, 1.5563141822069884, 1.5487749784067273, 1.5233958890661596, 1.6911569678783416, 1.5463736817240714, 1.5963692676462233, 1.5728865221515298, 1.51393338650465, 1.4409206672385335, 1.4779867803119122, 1.521199417123571, 1.5413307092059403, 1.4241698692739009, 1.4492194042354822, 1.523844143524766, 1.417826705679763, 1.3692291630338878, 1.4552518996223807], "train_accuracies": [0.18571428571428572, 0.36, 0.355, 0.425, 0.41, 0.45, 0.41, 0.345, 0.4, 0.39, 0.4, 0.47, 0.47, 0.465, 0.54, 0.505, 0.485, 0.47, 0.54, 0.54, 0.545, 0.595, 0.55, 0.47, 0.51, 0.59, 0.57, 0.635, 0.6, 0.49, 0.61, 0.615, 0.605, 0.65, 0.58, 0.605, 0.585, 0.58, 0.59, 0.645, 0.675, 0.635, 0.595, 0.685, 0.635, 0.64, 0.7, 0.74, 0.675], "validation_accuracies": [0.1873767258382643, 0.21696252465483234, 0.2781065088757396, 0.27613412228796846, 0.27613412228796846, 0.2702169625246548, 0.26627218934911245, 0.27416173570019725, 0.2702169625246548, 0.27218934911242604, 0.26232741617357, 0.27613412228796846, 0.28007889546351084, 0.2938856015779093, 0.27218934911242604, 0.27218934911242604, 0.3333333333333333, 0.29980276134122286, 0.3037475345167653, 0.3116370808678501, 0.2978303747534517, 0.3431952662721893, 0.32741617357001973, 0.3510848126232742, 0.33727810650887574, 0.2406311637080868, 0.3254437869822485, 0.35700197238658776, 0.3767258382642998, 0.3806706114398422, 0.33925049309664695, 0.3629191321499014, 0.33925049309664695, 0.3865877712031558, 0.38461538461538464, 0.35700197238658776, 0.398422090729783, 0.368836291913215, 0.40631163708086787, 0.42998027613412226, 0.4280078895463511, 0.4260355029585799, 0.40039447731755423, 0.40828402366863903, 0.40828402366863903, 0.4358974358974359, 0.42209072978303747, 0.4339250493096647, 0.29191321499013806], "losses": [0.8126232741617356, 0.7830374753451677, 0.7218934911242604, 0.7238658777120315, 0.7238658777120315, 0.7297830374753451, 0.7337278106508875, 0.7258382642998027, 0.7297830374753451, 0.7278106508875739, 0.73767258382643, 0.7238658777120315, 0.7199211045364892, 0.7061143984220908, 0.7278106508875739, 0.7278106508875739, 0.6666666666666667, 0.7001972386587771, 0.6962524654832347, 0.6883629191321499, 0.7021696252465484, 0.6568047337278107, 0.6725838264299803, 0.6489151873767258, 0.6627218934911243, 0.7593688362919132, 0.6745562130177515, 0.6429980276134122, 0.6232741617357003, 0.6193293885601578, 0.6607495069033531, 0.6370808678500985, 0.6607495069033531, 0.6134122287968442, 0.6153846153846154, 0.6429980276134122, 0.6015779092702169, 0.631163708086785, 0.5936883629191321, 0.5700197238658777, 0.571992110453649, 0.5739644970414202, 0.5996055226824457, 0.591715976331361, 0.591715976331361, 0.5641025641025641, 0.5779092702169626, 0.5660749506903353, 0.708086785009862], "train_time": "01:19", "categories": ["Algerian", "Arabic", "Brazilian", "Chilean", "Chinese", "Czech", "Dutch", "English", "Ethiopian", "Finnish"], "char2i": {" ": 0, "'": 1, ",": 2, "-": 3, ".": 4, ";": 5, "A": 6, "B": 7, "C": 8, "D": 9, "E": 10, "F": 11, "G": 12, "H": 13, "I": 14, "J": 15, "K": 16, "L": 17, "M": 18, "N": 19, "O": 20, "P": 21, "Q": 22, "R": 23, "S": 24, "T": 25, "U": 26, "V": 27, "W": 28, "X": 29, "Y": 30, "Z": 31, "a": 32, "b": 33, "c": 34, "d": 35, "e": 36, "f": 37, "g": 38, "h": 39, "i": 40, "j": 41, "k": 42, "l": 43, "m": 44, "n": 45, "o": 46, "p": 47, "q": 48, "r": 49, "s": 50, "t": 51, "u": 52, "v": 53, "w": 54, "x": 55, "y": 56, "z": 57}, "df_len": 36241, "min_loss": 0.5641025641025641}