arch,subarch,arch_dim,fifo,pe,tc,value_reuse,accumulator,nonlinear,vector,total
mugi,,128x8,0.283760015934,0.1107137478844526,0.008593904057631318,0.02256613784775,0.36883672307200005,0.05383739199420417,0.038981051152,0.8872889719420382
mugi,,256x8,0.5642204967990001,0.2214274957689052,0.017187808115262635,0.02552114748825,0.7376734461440001,0.10756336691647084,0.077962102304,1.751555863535889
carat,,128x8,0.415741418694,0.1276499225404526,0.023440479505854112,0.030163480331000005,0.41267763725162276,0.0,0.7032666984960001,1.7129396368189298
carat,,256x8,1.148238204012,0.2552998450809052,0.046880959011708224,0.037220219771000006,0.801080119370797,0.0,1.4065333969920002,3.695252744238411
systolic,figna,8x8,0.029695815621,0.5864558942399999,0.0,0.0,0.20747065672800002,0.0,0.045365516544000006,0.8689878831329999
systolic,figna,16x16,0.118783262484,2.3627597516159997,0.0,0.0,0.7837780365280002,0.0,0.09073103308800001,3.3560520837159995
simd,figna,8x8,0.029695815621,0.556346859608,0.0,0.0,0.18441836153600003,0.0,0.043954168656000006,0.814415205421
simd,figna,16x16,0.118783262484,2.26866933304,0.0,0.0,0.7376734461440001,0.0,0.08790833731200001,3.21303437898
