{
    "affinity_pred_value": 0.8588269948959351,
    "affinity_probability_binary": 0.27156171202659607,
    "affinity_pred_value1": 0.8078247308731079,
    "affinity_probability_binary1": 0.16081474721431732,
    "affinity_pred_value2": 0.909829318523407,
    "affinity_probability_binary2": 0.382308691740036
}