{
    "confidence_score": 0.8430444002151489,
    "ptm": 0.9066193699836731,
    "iptm": 0.7160447239875793,
    "ligand_iptm": 0.7160447239875793,
    "protein_iptm": 0.0,
    "complex_plddt": 0.8747942447662354,
    "complex_iplddt": 0.6912374496459961,
    "complex_pde": 0.9419375061988831,
    "complex_ipde": 5.435125827789307,
    "chains_ptm": {
        "0": 0.9214686751365662,
        "1": 0.8623986840248108
    },
    "pair_chains_iptm": {
        "0": {
            "0": 0.9214686751365662,
            "1": 0.26023077964782715
        },
        "1": {
            "0": 0.7160447239875793,
            "1": 0.8623986840248108
        }
    }
}