{"lr": 0.007, "n_iters": 2000, "n_hidden": 128, "train_losses": [2.301546017135062, 2.261791858673096, 2.2406286945939065, 2.202380632162094, 2.164648236334324, 2.1564688608050346, 2.1054446789622308, 2.0683413496613503, 2.0179799343645572, 1.9298523987829685, 1.889735562801361, 1.8144338324666023, 1.8014242354035377, 1.7626680851727725, 1.6857017002254724, 1.6876794251427054, 1.6084221877157687, 1.5784802106581628, 1.6533827329985797, 1.6193404740840196, 1.57139645582065, 1.4910193025693297, 1.5874258994869888, 1.5892784338165074, 1.534366697622463, 1.483554938333109, 1.458330206386745, 1.4645512960385532, 1.5321811625547708, 1.459002004377544, 1.3900196896959096, 1.4093944851122797, 1.3996967328293248, 1.6592029439657927, 1.5176723993383348, 1.4949605645053088, 1.3968539529200643, 1.470000148746185, 1.3868262505950406, 1.430325624742545, 1.4200884488085286, 1.4022076861956156, 1.3295322837051935, 1.3762175009027124, 1.3277985220216215, 1.3730028960388154, 1.3365099142375403, 1.3053191223554312, 1.3089180377405136], "train_accuracies": [0.1878048780487805, 0.3525, 0.34, 0.39, 0.445, 0.36, 0.4275, 0.4025, 0.4425, 0.4625, 0.4625, 0.4875, 0.5025, 0.4975, 0.5575, 0.545, 0.595, 0.5475, 0.5575, 0.5825, 0.5825, 0.615, 0.5925, 0.6125, 0.5975, 0.6175, 0.6625, 0.635, 0.61, 0.645, 0.6425, 0.655, 0.6825, 0.6, 0.605, 0.5825, 0.6675, 0.6275, 0.635, 0.635, 0.6525, 0.6775, 0.67, 0.6525, 0.6875, 0.685, 0.695, 0.6775, 0.7125], "validation_accuracies": [0.18201284796573874, 0.2012847965738758, 0.21199143468950749, 0.24411134903640258, 0.24197002141327623, 0.23554603854389722, 0.25910064239828695, 0.24197002141327623, 0.2505353319057816, 0.23768736616702354, 0.2398286937901499, 0.2569593147751606, 0.2633832976445396, 0.25267665952890794, 0.29336188436830835, 0.2698072805139186, 0.31905781584582443, 0.3169164882226981, 0.3361884368308351, 0.33190578158458245, 0.32548179871520344, 0.32119914346895073, 0.24411134903640258, 0.3683083511777302, 0.3490364025695932, 0.37901498929336186, 0.29978586723768735, 0.39828693790149894, 0.37044967880085655, 0.3854389721627409, 0.3747323340471092, 0.4261241970021413, 0.3897216274089936, 0.4025695931477516, 0.39186295503211993, 0.3897216274089936, 0.44325481798715205, 0.41755888650963596, 0.4261241970021413, 0.43683083511777304, 0.4025695931477516, 0.43683083511777304, 0.3897216274089936, 0.4089935760171306, 0.4625267665952891, 0.47109207708779444, 0.46466809421841543, 0.4089935760171306, 0.4668094218415418], "losses": [0.8179871520342612, 0.7987152034261242, 0.7880085653104925, 0.7558886509635974, 0.7580299785867237, 0.7644539614561028, 0.7408993576017131, 0.7580299785867237, 0.7494646680942184, 0.7623126338329764, 0.7601713062098501, 0.7430406852248395, 0.7366167023554604, 0.7473233404710921, 0.7066381156316917, 0.7301927194860813, 0.6809421841541756, 0.683083511777302, 0.6638115631691649, 0.6680942184154175, 0.6745182012847966, 0.6788008565310493, 0.7558886509635974, 0.6316916488222698, 0.6509635974304069, 0.6209850107066381, 0.7002141327623126, 0.6017130620985011, 0.6295503211991434, 0.6145610278372591, 0.6252676659528908, 0.5738758029978587, 0.6102783725910064, 0.5974304068522485, 0.60813704496788, 0.6102783725910064, 0.556745182012848, 0.582441113490364, 0.5738758029978587, 0.563169164882227, 0.5974304068522485, 0.563169164882227, 0.6102783725910064, 0.5910064239828694, 0.537473233404711, 0.5289079229122056, 0.5353319057815846, 0.5910064239828694, 0.5331905781584583], "train_time": "03:04", "categories": ["Algerian", "Arabic", "Brazilian", "Chilean", "Chinese", "Czech", "Dutch", "English", "Ethiopian", "Finnish"], "char2i": {" ": 0, "'": 1, ",": 2, "-": 3, ".": 4, ";": 5, "A": 6, "B": 7, "C": 8, "D": 9, "E": 10, "F": 11, "G": 12, "H": 13, "I": 14, "J": 15, "K": 16, "L": 17, "M": 18, "N": 19, "O": 20, "P": 21, "Q": 22, "R": 23, "S": 24, "T": 25, "U": 26, "V": 27, "W": 28, "X": 29, "Y": 30, "Z": 31, "a": 32, "b": 33, "c": 34, "d": 35, "e": 36, "f": 37, "g": 38, "h": 39, "i": 40, "j": 41, "k": 42, "l": 43, "m": 44, "n": 45, "o": 46, "p": 47, "q": 48, "r": 49, "s": 50, "t": 51, "u": 52, "v": 53, "w": 54, "x": 55, "y": 56, "z": 57}, "df_len": 36241, "min_loss": 0.5289079229122056}