{"lr": 0.005, "n_iters": 10000, "n_hidden": 128, "train_losses": [2.260020377624094, 2.131618667334318, 1.8960410897061228, 1.7741155889481306, 1.673817674573511, 1.5752203397932463, 1.5037953153662384, 1.4701720120199024, 1.4261999498335645, 1.413693772615865, 1.3614871260412038, 1.30636391515797, 1.3106639365535229, 1.2940231191364582, 1.3456935771433636, 1.275362128299428, 1.2205334799350822, 1.1899315929196892, 1.2222620016777073, 1.1670860155867413, 1.18718668834246, 1.1814294872892934, 1.133217013346526, 1.2109878332834925, 1.133631456900155, 1.1527295719541726, 1.1387471565856722, 1.1602993873232044, 1.1314153662226163, 1.12102896011548, 1.1071543844407734, 1.1458178395372816, 1.1060765170859521, 1.1170110227942933, 1.074098964661418, 1.0718224817640876, 1.0894970223393465, 1.0575590274635325, 1.1160559053596226, 1.0757618192657028, 1.0727265864567743, 1.0395029609691702, 1.0697072878244798, 1.0907475054801326, 1.0358363280351042, 1.0714045189960162, 1.0237411372604839, 1.0175515527127719, 1.044633946266811], "train_accuracies": [0.2751243781094527, 0.384, 0.459, 0.484, 0.5105, 0.5635, 0.5895, 0.6125, 0.6425, 0.616, 0.661, 0.6925, 0.6915, 0.6935, 0.692, 0.7085, 0.7265, 0.731, 0.7455, 0.752, 0.7445, 0.754, 0.7725, 0.7495, 0.7775, 0.7735, 0.7675, 0.766, 0.7755, 0.773, 0.799, 0.78, 0.7835, 0.77, 0.81, 0.799, 0.785, 0.793, 0.7765, 0.798, 0.793, 0.8005, 0.7845, 0.786, 0.818, 0.792, 0.817, 0.803, 0.8135], "validation_accuracies": [0.25788497217068646, 0.2764378478664193, 0.26716141001855287, 0.3339517625231911, 0.40816326530612246, 0.34879406307977734, 0.3784786641929499, 0.4174397031539889, 0.4137291280148423, 0.47866419294990725, 0.4675324675324675, 0.4582560296846011, 0.4675324675324675, 0.5231910946196661, 0.437847866419295, 0.5157699443413729, 0.5194805194805194, 0.5306122448979592, 0.5157699443413729, 0.5287569573283859, 0.5213358070500927, 0.5009276437847866, 0.5027829313543599, 0.5231910946196661, 0.5231910946196661, 0.5083487940630798, 0.5510204081632653, 0.5194805194805194, 0.5454545454545454, 0.4359925788497217, 0.5454545454545454, 0.5547309833024119, 0.5565862708719852, 0.5769944341372912, 0.5547309833024119, 0.5547309833024119, 0.5120593692022264, 0.562152133580705, 0.5528756957328386, 0.5732838589981447, 0.5844155844155844, 0.5677179962894249, 0.5398886827458256, 0.5306122448979592, 0.5454545454545454, 0.5454545454545454, 0.5732838589981447, 0.6066790352504638, 0.5547309833024119], "losses": [0.7421150278293136, 0.7235621521335807, 0.7328385899814471, 0.6660482374768089, 0.5918367346938775, 0.6512059369202227, 0.6215213358070502, 0.5825602968460111, 0.5862708719851577, 0.5213358070500927, 0.5324675324675325, 0.5417439703153989, 0.5324675324675325, 0.47680890538033394, 0.5621521335807049, 0.4842300556586271, 0.48051948051948057, 0.4693877551020408, 0.4842300556586271, 0.4712430426716141, 0.47866419294990725, 0.4990723562152134, 0.4972170686456401, 0.47680890538033394, 0.47680890538033394, 0.49165120593692024, 0.44897959183673475, 0.48051948051948057, 0.4545454545454546, 0.5640074211502784, 0.4545454545454546, 0.4452690166975881, 0.4434137291280148, 0.42300556586270877, 0.4452690166975881, 0.4452690166975881, 0.4879406307977736, 0.43784786641929496, 0.44712430426716143, 0.4267161410018553, 0.4155844155844156, 0.4322820037105751, 0.4601113172541744, 0.4693877551020408, 0.4545454545454546, 0.4545454545454546, 0.4267161410018553, 0.39332096474953615, 0.4452690166975881], "train_time": "15:18", "categories": ["Algerian", "Arabic", "Brazilian", "Chilean", "Chinese", "Czech", "Dutch", "English", "Ethiopian", "Finnish"], "char2i": {" ": 0, "'": 1, ",": 2, "-": 3, ".": 4, ";": 5, "A": 6, "B": 7, "C": 8, "D": 9, "E": 10, "F": 11, "G": 12, "H": 13, "I": 14, "J": 15, "K": 16, "L": 17, "M": 18, "N": 19, "O": 20, "P": 21, "Q": 22, "R": 23, "S": 24, "T": 25, "U": 26, "V": 27, "W": 28, "X": 29, "Y": 30, "Z": 31, "a": 32, "b": 33, "c": 34, "d": 35, "e": 36, "f": 37, "g": 38, "h": 39, "i": 40, "j": 41, "k": 42, "l": 43, "m": 44, "n": 45, "o": 46, "p": 47, "q": 48, "r": 49, "s": 50, "t": 51, "u": 52, "v": 53, "w": 54, "x": 55, "y": 56, "z": 57}, "df_len": 36241, "min_loss": 0.39332096474953615}